review,category
The battery life on this smartphone is exceptional. It lasts over two days with heavy use.,Electronics
The laptop's processing speed is outstanding and handles complex multitasking effortlessly.,Electronics
Excellent noise-cancelling headphones with rich sound quality and comfortable ear cups.,Electronics
The camera resolution is stunning. Photos look incredibly detailed even in low light.,Electronics
This smartwatch has great fitness tracking features and a beautiful bright AMOLED display.,Electronics
Very fast wireless charger. Takes my phone from zero to full in under an hour.,Electronics
The mechanical keyboard has satisfying tactile switches and excellent build quality.,Electronics
Gaming mouse with precise sensor and adjustable DPI. Very comfortable for long sessions.,Electronics
The tablet is lightweight and responsive. Perfect for reading and browsing on the go.,Electronics
Excellent Bluetooth speaker with deep bass and crystal clear audio output.,Electronics
The router provides fast and stable WiFi coverage throughout my large home.,Electronics
Amazing performance SSD. My computer boots in seconds and feels completely new.,Electronics
The monitor has vivid colours and a high refresh rate perfect for gaming.,Electronics
Smart home device works seamlessly with all my other gadgets. Setup was very easy.,Electronics
The power bank is compact but has huge capacity. Charges multiple devices quickly.,Electronics
Excellent webcam with sharp 4K resolution perfect for professional video calls.,Electronics
The earbuds fit perfectly and have impressive sound quality for the price.,Electronics
Brilliant graphics card. Games run at max settings with smooth high frame rates.,Electronics
The drone is easy to fly and captures stunning aerial 4K footage.,Electronics
This USB hub has many ports and works reliably with all my devices simultaneously.,Electronics
The RAM upgrade made my old computer significantly faster and more responsive.,Electronics
Excellent mechanical hard drive with large capacity and reliable performance.,Electronics
The 3D printer is accurate and easy to use with a wide range of compatible filaments.,Electronics
This e-reader has a glare-free screen that makes reading comfortable in any light.,Electronics
"The action camera is durable, waterproof, and captures brilliant video footage.",Electronics
Very comfortable fabric that feels soft against the skin all day long.,Clothing
Perfect fit right out of the package. The slim cut looks professional and stylish.,Clothing
The dress is elegant with vibrant colour and excellent stitching quality throughout.,Clothing
Warm and lightweight jacket ideal for chilly autumn weather. Very stylish design.,Clothing
These jeans fit perfectly with great stretch material that keeps its shape all day.,Clothing
The shirt is breathable and moisture-wicking. Perfect for intense gym workouts.,Clothing
Beautiful embroidered saree with traditional design. Perfect for festival occasions.,Clothing
Cosy knit sweater that is warm without being too heavy. Excellent quality wool.,Clothing
Comfortable walking shoes with excellent arch support and cushioned soles.,Clothing
The hoodie is incredibly soft and warm. Washes well and keeps its shape.,Clothing
These trousers have a flattering cut and feel luxurious against the skin.,Clothing
The coat is well-constructed with a beautiful lining and deep practical pockets.,Clothing
Lovely floral print summer dress in a lightweight breathable fabric.,Clothing
These socks are seamless and very comfortable. Keeps feet dry during workouts.,Clothing
The pyjamas are made from silky soft fabric that keeps you cool all night.,Clothing
This scarf is beautifully soft and large enough to wrap around several times.,Clothing
Great quality running shoes with excellent grip and responsive cushioning.,Clothing
The blouse fits beautifully and the fabric drapes elegantly. Very flattering.,Clothing
These thermal leggings keep you warm without adding bulk. Excellent fit.,Clothing
"The handbag is sturdy, practical, and looks very stylish with multiple outfits.",Clothing
Beautifully tailored suit with perfect stitching and premium fabric quality.,Clothing
The raincoat is completely waterproof yet very breathable for all weather.,Clothing
"These gloves are warm, touchscreen-compatible, and have a great slim fit.",Clothing
The swimsuit has vibrant colour and keeps its shape after many washes.,Clothing
Excellent quality beanie that keeps my head warm even in very cold weather.,Clothing
Delicious taste with fresh ingredients and perfectly balanced spices throughout.,Food
Rich creamy chocolate that melts in the mouth with a perfect smooth texture.,Food
The coffee beans are beautifully roasted with a strong aroma and bold flavour.,Food
Healthy crunchy snack that is low in calories and high in plant-based protein.,Food
This pasta sauce is tangy and fragrant with perfect spice balance.,Food
Calming herbal tea blend that helps me sleep deeply and wake up refreshed.,Food
The biscuits are perfectly crispy with a buttery sweetness and fresh packaging.,Food
Cold-pressed juice packed with natural vitamins and minerals. Tastes delicious.,Food
Amazing dark chocolate with nuts. The combination of textures is outstanding.,Food
These organic oats cook quickly and taste great with fruit and honey.,Food
Wonderful blend of spices that transforms simple dishes into something extraordinary.,Food
"The honey is pure, richly flavoured, and perfect for cooking and baking.",Food
"These protein bars are filling, tasty, and have a great nutritional profile.",Food
The green tea powder is vibrant in colour with a smooth earthy flavour.,Food
These dried mango slices are intensely sweet and make a great healthy snack.,Food
"The olive oil has a fruity, peppery flavour that elevates all my salads.",Food
Great quality sea salt with large flakes that add texture and flavour to meals.,Food
"These nuts are fresh, crunchy, and lightly salted. Perfect for snacking.",Food
The jam is made with real fruit and has a beautiful balanced sweetness.,Food
Incredible hot sauce with a great depth of flavour and satisfying heat.,Food
These energy chews are effective and taste great during long training runs.,Food
"The granola is crunchy, not too sweet, and excellent with yoghurt and berries.",Food
Wonderful fermented kimchi with the perfect balance of heat and sourness.,Food
"The coconut milk is thick, creamy, and adds wonderful flavour to curries.",Food
These quinoa chips are a healthy and genuinely tasty alternative to crisps.,Food
The battery life on this phone is truly awful. It doesn't even last half a day on a full charge. Very disappointed.,Electronics
Screen cracked after just one week of normal use. The build quality of this tablet feels extremely cheap and flimsy.,Electronics
Excellent sound quality from these Bluetooth headphones! The noise cancellation is superb and they connect instantly.,Electronics
"Beautiful dress, vibrant colors, but the stitching started coming undone after the very first wash. Poor durability.",Clothing
These running shoes are incredibly comfortable! The arch support is perfect for my long morning jogs.,Clothing
Way too small. I ordered a Large but it fits like a tight Medium. The sizing chart is completely inaccurate.,Clothing
Delicious organic coffee beans! The aroma is amazing and the dark roast flavor is incredibly rich and smooth.,Food
Arrived completely stale and crushed. The packaging for these biscuits is terrible. Inedible.,Food
Very tangy and flavorful hot sauce. It pairs perfectly with pizza and eggs. Will definitely be buying more!,Food
The camera resolution on this laptop is shockingly bad for the price. Unusable for professional video calls.,Electronics
