review,sentiment
The film was absolutely stunning with breathtaking visuals and outstanding performances throughout.,positive
A masterpiece of modern cinema that left me completely speechless and deeply moved.,positive
Brilliant direction and a compelling emotional story made this the best film of the year.,positive
I loved every single moment of this film. The storytelling is perfect and heartfelt.,positive
Incredible acting from the entire cast with a beautifully crafted and engaging screenplay.,positive
"This movie is a work of art. Superb direction, talented cast, and a captivating narrative.",positive
An unforgettable cinematic experience filled with genuine emotion and powerful performances.,positive
The cinematography alone is worth the watch. Visually stunning and emotionally resonant.,positive
"Funny, touching, and thoroughly entertaining. One of the finest films in recent memory.",positive
A thrilling ride from start to finish. Excellent pacing and a brilliantly compelling plot.,positive
The performances are extraordinary. Every actor brings their character to life remarkably.,positive
This film moved me to tears. The storytelling is masterful and the acting is superb.,positive
A heartwarming and uplifting story that stays with you long after the credits roll.,positive
"Fantastic script, wonderful direction, and career-best performances from the entire ensemble.",positive
"Witty, clever, and endlessly entertaining. This film delivers on every single level.",positive
"The best film I have seen in years. Thought-provoking, intelligent, and beautifully shot.",positive
Gripping from the first minute to the last. The suspense is expertly crafted throughout.,positive
A beautifully told story with exceptional acting and glorious cinematography.,positive
"Pure cinematic joy from start to finish. Imaginative, funny, and deeply moving.",positive
An absolute triumph. The director has created something truly special and memorable.,positive
The screenplay is sharp and intelligent. The performances are genuinely outstanding.,positive
A deeply moving drama with powerful performances and beautiful cinematography.,positive
"This is exactly what cinema is supposed to be. Uplifting, engaging, and brilliantly executed.",positive
Spectacular visual effects combined with great acting and a thrilling compelling story.,positive
"Charming, funny, and endlessly rewatchable. A true gem of modern cinema.",positive
The story is original and moving. The direction is flawless. A must-see film.,positive
"Outstanding in every department. Acting, direction, script — all are absolutely top-notch.",positive
"A powerful, important film that entertains while making you think deeply about the world.",positive
The chemistry between the leads is electric. Funny and touching in equal measure.,positive
Beautifully paced with nuanced performances. A film that rewards patient and attentive viewers.,positive
An epic adventure that delivers genuine thrills along with unexpected emotional depth.,positive
Refreshingly original with great characters and a hugely satisfying narrative arc.,positive
The direction is assured and confident. The story is gripping throughout. Highly recommended.,positive
A rare feel-good film that earns its emotion honestly. Wonderful performances all round.,positive
Laugh-out-loud funny and genuinely touching. The writing is razor sharp and inventive.,positive
This film exceeded all my expectations. Brilliantly crafted and emotionally satisfying.,positive
Exhilarating from the opening scene. The tension builds brilliantly to a stunning finale.,positive
"A moving portrait of resilience and hope, anchored by a career-defining performance.",positive
Visually inventive and thematically rich. This film rewards multiple viewings.,positive
The script is full of wit and wisdom. The cast delivers it with effortless charm.,positive
"An emotional rollercoaster in the best possible sense. Gripping, moving, and hugely entertaining.",positive
Dazzling visual style matched with genuine emotional depth. A landmark piece of filmmaking.,positive
The direction is breathtaking and the story is deeply human. A modern classic.,positive
Perfectly balances humour and heart. The performances are warm and entirely convincing.,positive
"A joyful celebration of life, love, and friendship. Cinema at its most life-affirming.",positive
"Stunning set design, gorgeous costumes, and a sweeping romance. Absolute escapist perfection.",positive
"The editing is slick, the soundtrack is evocative, and the acting is consistently superb.",positive
"A film with something important to say, said with style, intelligence and great acting.",positive
This director has created a genuinely special piece of work. Inspiring and beautifully made.,positive
Every element works together seamlessly. A film that reminds you why cinema matters.,positive
Absolutely mesmerising. I lost myself completely in this stunning and unforgettable film.,positive
A complete waste of time with terrible acting and absolutely no coherent plot whatsoever.,negative
Boring and painfully predictable from start to finish — I nearly walked out halfway through.,negative
"The worst film I have seen in years. Poorly directed, badly written, and insufferable.",negative
An incoherent mess that makes no sense at any point. A deeply frustrating viewing experience.,negative
"Tedious, slow, and completely pointless. I cannot understand how this was ever greenlit.",negative
The acting is wooden throughout and the script is laughably bad. An embarrassing film.,negative
I fell asleep twice during this film. Painfully dull with no interesting characters whatsoever.,negative
"A poorly made, cheaply shot disaster that wastes every talented person involved in it.",negative
The plot is absurd and the dialogue is cringeworthy. A truly terrible filmmaking effort.,negative
One of the most disappointing films I have ever seen. It had potential but wasted all of it.,negative
"Overhyped, underwhelming, and deeply unsatisfying. Nothing about this film works at all.",negative
"The special effects are unconvincing, the story is hollow, and the acting is atrocious.",negative
"A disjointed, confusing film with no emotional stakes and zero character development.",negative
"Utterly forgettable drivel that squanders a talented cast on a woeful, lazy script.",negative
"I wanted to like this so much but it is simply awful. Boring, pretentious, and pointless.",negative
Two hours of my life I will never get back. Desperately dull with no redeeming qualities.,negative
"The pacing is excruciating, the characters are flat, and the ending is deeply unsatisfying.",negative
A tonally incoherent mess that cannot decide what kind of film it wants to be.,negative
"Poorly written, poorly acted, poorly directed. A complete failure on every single level.",negative
"The humour falls flat, the drama feels forced, and the whole thing is deeply unconvincing.",negative
"An absolute chore to sit through. Joyless, humourless, and thoroughly depressing.",negative
"Loud, chaotic, and soulless. An assault on the senses with nothing interesting to say.",negative
The director appears to have no idea what story they are trying to tell. A confused mess.,negative
"Clunky dialogue, unbelievable characters, and a plot full of holes. Deeply disappointing.",negative
I left the cinema feeling cheated and annoyed. This film is an insult to the audience.,negative
"A cynical cash grab with no artistic merit whatsoever. Boring, ugly, and disposable.",negative
The performances range from mediocre to genuinely terrible. The script gives them nothing.,negative
"Derivative, dull, and lazily assembled. Every beat is predictable and disappointingly flat.",negative
"Zero tension, zero character development, zero entertainment value. A genuine waste of time.",negative
A film so bad it makes other mediocre films look like masterpieces by comparison.,negative
The story makes no logical sense and the ending is spectacularly unsatisfying and lazy.,negative
"Infuriating, condescending, and thoroughly unpleasant. I strongly recommend you avoid it.",negative
Terribly paced with awful editing that makes the film nearly impossible to follow.,negative
A shoddily constructed film that disrespects its audience at every single turn.,negative
"Charmless, witless, and desperately in need of a competent script doctor.",negative
"The whole film feels like a rough cut. Unpolished, uninteresting, and utterly unengaging.",negative
One long series of clichés strung together with no originality or creative thought.,negative
"Flat, tedious, and completely without charm. A film that outstays its welcome by an hour.",negative
"The antagonist makes no sense, the protagonist has no arc, and the plot goes nowhere.",negative
Aggressively mediocre filmmaking that will cause you to check your watch repeatedly.,negative
An unmitigated disaster from beginning to end. Avoid at all possible costs.,negative
"Painfully unfunny, shockingly careless, and deeply unpleasant to sit through.",negative
"The plot twists are predictable, the action is dull, and the characters are paper-thin.",negative
A film made by people who clearly have no respect for storytelling or their audience.,negative
"Messy, incoherent, and thoroughly unenjoyable. A failure of craft and imagination.",negative
Dreadful in every conceivable way. It is hard to believe this was given a cinema release.,negative
"Simply atrocious. The film is an incoherent, boring, badly acted catastrophe.",negative
"Dull, derivative, and depressing. A film that fails to deliver on any of its many promises.",negative
A pointless exercise in expensive mediocrity. This should never have been made.,negative
"Every character is irritating, every scene drags, and the whole experience is excruciating.",negative
The worst screenplay I have encountered in modern cinema. Truly an embarrassment.,negative
"Absolutely mesmerizing. The cinematography alone is worth the price of admission, but the storyline had me gripped from start to finish.",positive
"A triumph of modern cinema. The director brilliantly captures the raw emotion of the characters, delivering a devastatingly beautiful film.",positive
Hilarious from beginning to end! The comedic timing of the lead cast is impeccable. A perfect feel-good movie for the whole family.,positive
"I loved it. The soundtrack perfectly complements the fast-paced action sequences, keeping the adrenaline pumping. A must-watch blockbuster.",positive
A profound and thought-provoking masterpiece. It tackles complex philosophical themes with grace and nuance that leaves you pondering for days.,positive
"What a colossal waste of time. The plot was completely incoherent, relying on cheap CGI instead of actual storytelling. Don't bother.",negative
"Incredibly disappointing. The trailers promised an epic thriller, but delivered a slow-paced, deeply boring snoozefest with wooden acting.",negative
"Easily the worst movie I've seen this year. The dialogue felt incredibly forced and unnatural, and the character motivations made zero sense.",negative
"A total disaster from start to finish. It completely ruins the beloved franchise with terrible writing and pathetic, lazy direction.",negative
"I walked out of the theater halfway through. Painfully unfunny, incredibly tedious, and thoroughly unbearable. Save your money.",negative
